benchmark,mode,run_dir,input_file,total_samples,method,samples,percent,ns
LoopBenchmarks,BuboOff,bubo_runs5_BuboWithDebug,/home/hb478/repos/BuboExperiments/ProgramObserverEffect/bubo_runs5_BuboWithDebug/async/LoopBenchmarks_BuboOff.txt,7414968,LoopBenchmarks.crc32Loop,1257273,16.94,12631086734
LoopBenchmarks,BuboOff,bubo_runs5_BuboWithDebug,/home/hb478/repos/BuboExperiments/ProgramObserverEffect/bubo_runs5_BuboWithDebug/async/LoopBenchmarks_BuboOff.txt,7414968,LoopBenchmarks.editDistanceLoop,846947,11.42,8514322930
LoopBenchmarks,BuboOff,bubo_runs5_BuboWithDebug,/home/hb478/repos/BuboExperiments/ProgramObserverEffect/bubo_runs5_BuboWithDebug/async/LoopBenchmarks_BuboOff.txt,7414968,LoopBenchmarks.bubbleSortLoop,702723,9.48,7063675392
LoopBenchmarks,BuboOff,bubo_runs5_BuboWithDebug,/home/hb478/repos/BuboExperiments/ProgramObserverEffect/bubo_runs5_BuboWithDebug/async/LoopBenchmarks_BuboOff.txt,7414968,LoopBenchmarks.monteCarloPiLoop,624330,8.41,6271838692
LoopBenchmarks,BuboOff,bubo_runs5_BuboWithDebug,/home/hb478/repos/BuboExperiments/ProgramObserverEffect/bubo_runs5_BuboWithDebug/async/LoopBenchmarks_BuboOff.txt,7414968,LoopBenchmarks.fibonacciLoop,580966,7.83,5839718855
LoopBenchmarks,BuboOff,bubo_runs5_BuboWithDebug,/home/hb478/repos/BuboExperiments/ProgramObserverEffect/bubo_runs5_BuboWithDebug/async/LoopBenchmarks_BuboOff.txt,7414968,LoopBenchmarks.parseJsonLoop,553536,7.47,5566467700
LoopBenchmarks,BuboOff,bubo_runs5_BuboWithDebug,/home/hb478/repos/BuboExperiments/ProgramObserverEffect/bubo_runs5_BuboWithDebug/async/LoopBenchmarks_BuboOff.txt,7414968,LoopBenchmarks.sieveLoop,468675,6.32,4713585773
LoopBenchmarks,BuboOff,bubo_runs5_BuboWithDebug,/home/hb478/repos/BuboExperiments/ProgramObserverEffect/bubo_runs5_BuboWithDebug/async/LoopBenchmarks_BuboOff.txt,7414968,LoopBenchmarks.matrixMultiplyLoop,411598,5.56,4142108395
LoopBenchmarks,BuboOff,bubo_runs5_BuboWithDebug,/home/hb478/repos/BuboExperiments/ProgramObserverEffect/bubo_runs5_BuboWithDebug/async/LoopBenchmarks_BuboOff.txt,7414968,LoopBenchmarks.polynomialLoop,390819,5.27,3926973970
LoopBenchmarks,BuboOff,bubo_runs5_BuboWithDebug,/home/hb478/repos/BuboExperiments/ProgramObserverEffect/bubo_runs5_BuboWithDebug/async/LoopBenchmarks_BuboOff.txt,7414968,LoopBenchmarks.raySphereLoop,327619,4.42,3293206053
LoopBenchmarks,BuboOff,bubo_runs5_BuboWithDebug,/home/hb478/repos/BuboExperiments/ProgramObserverEffect/bubo_runs5_BuboWithDebug/async/LoopBenchmarks_BuboOff.txt,7414968,LoopBenchmarks.histogramLoop,316742,4.27,3185887267
LoopBenchmarks,BuboOff,bubo_runs5_BuboWithDebug,/home/hb478/repos/BuboExperiments/ProgramObserverEffect/bubo_runs5_BuboWithDebug/async/LoopBenchmarks_BuboOff.txt,7414968,LoopBenchmarks.base64EncodeLoop,311237,4.2,3129905498
LoopBenchmarks,BuboOff,bubo_runs5_BuboWithDebug,/home/hb478/repos/BuboExperiments/ProgramObserverEffect/bubo_runs5_BuboWithDebug/async/LoopBenchmarks_BuboOff.txt,7414968,LoopBenchmarks.mandelbrotLoop,248603,3.35,2497915474
LoopBenchmarks,BuboOff,bubo_runs5_BuboWithDebug,/home/hb478/repos/BuboExperiments/ProgramObserverEffect/bubo_runs5_BuboWithDebug/async/LoopBenchmarks_BuboOff.txt,7414968,LoopBenchmarks.blurLoop,201573,2.72,2029122832
LoopBenchmarks,BuboOff,bubo_runs5_BuboWithDebug,/home/hb478/repos/BuboExperiments/ProgramObserverEffect/bubo_runs5_BuboWithDebug/async/LoopBenchmarks_BuboOff.txt,7414968,LoopBenchmarks.main,34869,0.47,350207257
LoopBenchmarks,BuboOff,bubo_runs5_BuboWithDebug,/home/hb478/repos/BuboExperiments/ProgramObserverEffect/bubo_runs5_BuboWithDebug/async/LoopBenchmarks_BuboOff.txt,7414968,do_user_addr_fault_[k],3887,0.05,40518921
LoopBenchmarks,BuboOff,bubo_runs5_BuboWithDebug,/home/hb478/repos/BuboExperiments/ProgramObserverEffect/bubo_runs5_BuboWithDebug/async/LoopBenchmarks_BuboOff.txt,7414968,void com.oracle.svm.core.genscavenge.GreyToBlackObjRefVisitor::visitObjectReferences,3286,0.04,32849928
LoopBenchmarks,BuboOff,bubo_runs5_BuboWithDebug,/home/hb478/repos/BuboExperiments/ProgramObserverEffect/bubo_runs5_BuboWithDebug/async/LoopBenchmarks_BuboOff.txt,7414968,void com.oracle.svm.core.genscavenge.GreyToBlackObjectVisitor::visitObject,2081,0.03,20746219
LoopBenchmarks,BuboOff,bubo_runs5_BuboWithDebug,/home/hb478/repos/BuboExperiments/ProgramObserverEffect/bubo_runs5_BuboWithDebug/async/LoopBenchmarks_BuboOff.txt,7414968,clear_page_erms_[k],1256,0.02,13850096
LoopBenchmarks,BuboOff,bubo_runs5_BuboWithDebug,/home/hb478/repos/BuboExperiments/ProgramObserverEffect/bubo_runs5_BuboWithDebug/async/LoopBenchmarks_BuboOff.txt,7414968,java.lang.AbstractStringBuilder* java.lang.AbstractStringBuilder::append,1336,0.02,13266634
LoopBenchmarks,BuboOff,bubo_runs5_BuboWithDebug,/home/hb478/repos/BuboExperiments/ProgramObserverEffect/bubo_runs5_BuboWithDebug/async/LoopBenchmarks_BuboOff.txt,7414968,G1ParScanThreadState::trim_queue_to_threshold,1299,0.02,13045422
LoopBenchmarks,BuboOff,bubo_runs5_BuboWithDebug,/home/hb478/repos/BuboExperiments/ProgramObserverEffect/bubo_runs5_BuboWithDebug/async/LoopBenchmarks_BuboOff.txt,7414968,void com.oracle.svm.core.UnmanagedMemoryUtil::copyLongsForward,1269,0.02,12618008
LoopBenchmarks,BuboOff,bubo_runs5_BuboWithDebug,/home/hb478/repos/BuboExperiments/ProgramObserverEffect/bubo_runs5_BuboWithDebug/async/LoopBenchmarks_BuboOff.txt,7414968,_raw_spin_unlock_irqrestore_[k],893,0.02,12210701
LoopBenchmarks,BuboOff,bubo_runs5_BuboWithDebug,/home/hb478/repos/BuboExperiments/ProgramObserverEffect/bubo_runs5_BuboWithDebug/async/LoopBenchmarks_BuboOff.txt,7414968,int org.graalvm.collections.EconomicMapImpl::findLinear,1185,0.02,11837458
LoopBenchmarks,BuboOff,bubo_runs5_BuboWithDebug,/home/hb478/repos/BuboExperiments/ProgramObserverEffect/bubo_runs5_BuboWithDebug/async/LoopBenchmarks_BuboOff.txt,7414968,void LibGraalClassLoader_6d026701::jdk.graal.compiler.graph.iterators.PredicatedProxyNodeIterator::forward,1148,0.02,11419816
LoopBenchmarks,BuboOff,bubo_runs5_BuboWithDebug,/home/hb478/repos/BuboExperiments/ProgramObserverEffect/bubo_runs5_BuboWithDebug/async/LoopBenchmarks_BuboOff.txt,7414968,void com.oracle.svm.core.graal.jdk.SubstrateArraycopySnippets::doArraycopy,1041,0.01,10349906
LoopBenchmarks,BuboOff,bubo_runs5_BuboWithDebug,/home/hb478/repos/BuboExperiments/ProgramObserverEffect/bubo_runs5_BuboWithDebug/async/LoopBenchmarks_BuboOff.txt,7414968,int LibGraalClassLoader_6d026701::jdk.graal.compiler.graph.NodeIdAccessor::getNodeId,935,0.01,9306349
LoopBenchmarks,BuboOff,bubo_runs5_BuboWithDebug,/home/hb478/repos/BuboExperiments/ProgramObserverEffect/bubo_runs5_BuboWithDebug/async/LoopBenchmarks_BuboOff.txt,7414968,__list_del_entry_valid_[k],747,0.01,8281244
LoopBenchmarks,BuboOff,bubo_runs5_BuboWithDebug,/home/hb478/repos/BuboExperiments/ProgramObserverEffect/bubo_runs5_BuboWithDebug/async/LoopBenchmarks_BuboOff.txt,7414968,void java.util.ArrayList::add,762,0.01,7585589
LoopBenchmarks,BuboOff,bubo_runs5_BuboWithDebug,/home/hb478/repos/BuboExperiments/ProgramObserverEffect/bubo_runs5_BuboWithDebug/async/LoopBenchmarks_BuboOff.txt,7414968,void LibGraalClassLoader_6d026701::jdk.graal.compiler.graph.NodeUsageIterator::advance,748,0.01,7452418
LoopBenchmarks,BuboOff,bubo_runs5_BuboWithDebug,/home/hb478/repos/BuboExperiments/ProgramObserverEffect/bubo_runs5_BuboWithDebug/async/LoopBenchmarks_BuboOff.txt,7414968,int org.graalvm.collections.EconomicMapImpl::getHashIndex,671,0.01,6676606
LoopBenchmarks,BuboOff,bubo_runs5_BuboWithDebug,/home/hb478/repos/BuboExperiments/ProgramObserverEffect/bubo_runs5_BuboWithDebug/async/LoopBenchmarks_BuboOff.txt,7414968,java.lang.String* com.oracle.svm.core.util.Utf8::utf8ToString,666,0.01,6621972
LoopBenchmarks,BuboOff,bubo_runs5_BuboWithDebug,/home/hb478/repos/BuboExperiments/ProgramObserverEffect/bubo_runs5_BuboWithDebug/async/LoopBenchmarks_BuboOff.txt,7414968,LibGraalClassLoader_6d026701::jdk.graal.compiler.graph.Node* LibGraalClassLoader_6d026701::jdk.graal.compiler.graph.NodeClass$RawEdgesIterator::getAndAdvanceInput,653,0.01,6503518
LoopBenchmarks,BuboOff,bubo_runs5_BuboWithDebug,/home/hb478/repos/BuboExperiments/ProgramObserverEffect/bubo_runs5_BuboWithDebug/async/LoopBenchmarks_BuboOff.txt,7414968,void com.oracle.svm.core.UnmanagedMemoryUtil::copyForward,633,0.01,6238135
LoopBenchmarks,BuboOff,bubo_runs5_BuboWithDebug,/home/hb478/repos/BuboExperiments/ProgramObserverEffect/bubo_runs5_BuboWithDebug/async/LoopBenchmarks_BuboOff.txt,7414968,java.lang.Object* org.graalvm.collections.EconomicMapImpl::put,612,0.01,6104656
LoopBenchmarks,BuboOff,bubo_runs5_BuboWithDebug,/home/hb478/repos/BuboExperiments/ProgramObserverEffect/bubo_runs5_BuboWithDebug/async/LoopBenchmarks_BuboOff.txt,7414968,get_mem_cgroup_from_mm_[k],559,0.01,6019206
LoopBenchmarks,BuboOff,bubo_runs5_BuboWithDebug,/home/hb478/repos/BuboExperiments/ProgramObserverEffect/bubo_runs5_BuboWithDebug/async/LoopBenchmarks_BuboOff.txt,7414968,boolean org.graalvm.collections.EconomicMapImpl::compareKeys,596,0.01,5929673
LoopBenchmarks,BuboOff,bubo_runs5_BuboWithDebug,/home/hb478/repos/BuboExperiments/ProgramObserverEffect/bubo_runs5_BuboWithDebug/async/LoopBenchmarks_BuboOff.txt,7414968,java.lang.Object* com.oracle.svm.core.graal.jdk.SubstrateObjectCloneSnippets::doClone,585,0.01,5798599
LoopBenchmarks,BuboOff,bubo_runs5_BuboWithDebug,/home/hb478/repos/BuboExperiments/ProgramObserverEffect/bubo_runs5_BuboWithDebug/async/LoopBenchmarks_BuboOff.txt,7414968,void com.oracle.svm.core.c.function.CEntryPointSetup$LeaveEpilogue::leave,571,0.01,5704215
LoopBenchmarks,BuboOff,bubo_runs5_BuboWithDebug,/home/hb478/repos/BuboExperiments/ProgramObserverEffect/bubo_runs5_BuboWithDebug/async/LoopBenchmarks_BuboOff.txt,7414968,java.lang.Object* LibGraalClassLoader_6d026701::jdk.graal.compiler.graph.NodeMap::get,552,0.01,5495943
LoopBenchmarks,BuboOff,bubo_runs5_BuboWithDebug,/home/hb478/repos/BuboExperiments/ProgramObserverEffect/bubo_runs5_BuboWithDebug/async/LoopBenchmarks_BuboOff.txt,7414968,LibGraalClassLoader_6d026701::jdk.graal.compiler.graph.Node* LibGraalClassLoader_6d026701::jdk.graal.compiler.graph.Graph::findDuplicate,545,0.01,5440030
LoopBenchmarks,BuboOff,bubo_runs5_BuboWithDebug,/home/hb478/repos/BuboExperiments/ProgramObserverEffect/bubo_runs5_BuboWithDebug/async/LoopBenchmarks_BuboOff.txt,7414968,LibGraalClassLoader_6d026701::jdk.graal.compiler.graph.iterators.NodeIterable* LibGraalClassLoader_6d026701::jdk.graal.compiler.graph.Node::inputs,544,0.01,5411913
LoopBenchmarks,BuboOff,bubo_runs5_BuboWithDebug,/home/hb478/repos/BuboExperiments/ProgramObserverEffect/bubo_runs5_BuboWithDebug/async/LoopBenchmarks_BuboOff.txt,7414968,boolean LibGraalClassLoader_6d026701::jdk.graal.compiler.phases.common.CanonicalizerPhase::tryCanonicalize,536,0.01,5345791
LoopBenchmarks,BuboOff,bubo_runs5_BuboWithDebug,/home/hb478/repos/BuboExperiments/ProgramObserverEffect/bubo_runs5_BuboWithDebug/async/LoopBenchmarks_BuboOff.txt,7414968,void LibGraalClassLoader_6d026701::jdk.graal.compiler.lir.LIRIntrospection::visitEach,536,0.01,5324033
LoopBenchmarks,BuboOff,bubo_runs5_BuboWithDebug,/home/hb478/repos/BuboExperiments/ProgramObserverEffect/bubo_runs5_BuboWithDebug/async/LoopBenchmarks_BuboOff.txt,7414968,next_uptodate_page_[k],494,0.01,5104927
LoopBenchmarks,BuboOff,bubo_runs5_BuboWithDebug,/home/hb478/repos/BuboExperiments/ProgramObserverEffect/bubo_runs5_BuboWithDebug/async/LoopBenchmarks_BuboOff.txt,7414968,void LibGraalClassLoader_6d026701::jdk.graal.compiler.graph.NodeWorkList$QueueConsumingIterator::dropDeleted,502,0.01,5005887
LoopBenchmarks,BuboOff,bubo_runs5_BuboWithDebug,/home/hb478/repos/BuboExperiments/ProgramObserverEffect/bubo_runs5_BuboWithDebug/async/LoopBenchmarks_BuboOff.txt,7414968,mtree_range_walk_[k],455,0.01,4856807
LoopBenchmarks,BuboOff,bubo_runs5_BuboWithDebug,/home/hb478/repos/BuboExperiments/ProgramObserverEffect/bubo_runs5_BuboWithDebug/async/LoopBenchmarks_BuboOff.txt,7414968,void com.oracle.svm.core.JavaMemoryUtil::copyPrimitiveArrayForward,476,0.01,4721616
LoopBenchmarks,BuboOff,bubo_runs5_BuboWithDebug,/home/hb478/repos/BuboExperiments/ProgramObserverEffect/bubo_runs5_BuboWithDebug/async/LoopBenchmarks_BuboOff.txt,7414968,void LibGraalClassLoader_6d026701::jdk.graal.compiler.graph.NodeMap::set,473,0.01,4702866
LoopBenchmarks,BuboOff,bubo_runs5_BuboWithDebug,/home/hb478/repos/BuboExperiments/ProgramObserverEffect/bubo_runs5_BuboWithDebug/async/LoopBenchmarks_BuboOff.txt,7414968,void sun.security.provider.SHA2::implCompress0,466,0.01,4650980
LoopBenchmarks,BuboOff,bubo_runs5_BuboWithDebug,/home/hb478/repos/BuboExperiments/ProgramObserverEffect/bubo_runs5_BuboWithDebug/async/LoopBenchmarks_BuboOff.txt,7414968,void LibGraalClassLoader_6d026701::jdk.graal.compiler.core.common.util.CompilationAlarm::checkProgress,466,0.01,4642917
LoopBenchmarks,BuboOff,bubo_runs5_BuboWithDebug,/home/hb478/repos/BuboExperiments/ProgramObserverEffect/bubo_runs5_BuboWithDebug/async/LoopBenchmarks_BuboOff.txt,7414968,int org.graalvm.collections.EconomicMapImpl::findHash,458,0.01,4562320
LoopBenchmarks,BuboOff,bubo_runs5_BuboWithDebug,/home/hb478/repos/BuboExperiments/ProgramObserverEffect/bubo_runs5_BuboWithDebug/async/LoopBenchmarks_BuboOff.txt,7414968,LibGraalClassLoader_6d026701::jdk.graal.compiler.graph.Node* LibGraalClassLoader_6d026701::jdk.graal.compiler.graph.NodeClass$RawEdgesIterator::forward,457,0.01,4556558
LoopBenchmarks,BuboOff,bubo_runs5_BuboWithDebug,/home/hb478/repos/BuboExperiments/ProgramObserverEffect/bubo_runs5_BuboWithDebug/async/LoopBenchmarks_BuboOff.txt,7414968,__handle_mm_fault_[k],426,0.01,4479291
LoopBenchmarks,BuboOff,bubo_runs5_BuboWithDebug,/home/hb478/repos/BuboExperiments/ProgramObserverEffect/bubo_runs5_BuboWithDebug/async/LoopBenchmarks_BuboOff.txt,7414968,boolean LibGraalClassLoader_6d026701::jdk.graal.compiler.phases.common.CanonicalizerPhase::processNode,441,0.01,4393176
LoopBenchmarks,BuboOff,bubo_runs5_BuboWithDebug,/home/hb478/repos/BuboExperiments/ProgramObserverEffect/bubo_runs5_BuboWithDebug/async/LoopBenchmarks_BuboOff.txt,7414968,boolean LibGraalClassLoader_6d026701::jdk.graal.compiler.graph.NodeBitMap::isMarked,441,0.01,4388505
LoopBenchmarks,BuboOff,bubo_runs5_BuboWithDebug,/home/hb478/repos/BuboExperiments/ProgramObserverEffect/bubo_runs5_BuboWithDebug/async/LoopBenchmarks_BuboOff.txt,7414968,java.lang.Object* java.util.ArrayList$Itr::next,440,0.01,4384557
LoopBenchmarks,BuboOff,bubo_runs5_BuboWithDebug,/home/hb478/repos/BuboExperiments/ProgramObserverEffect/bubo_runs5_BuboWithDebug/async/LoopBenchmarks_BuboOff.txt,7414968,charge_memcg_[k],401,0.01,4320165
LoopBenchmarks,BuboOff,bubo_runs5_BuboWithDebug,/home/hb478/repos/BuboExperiments/ProgramObserverEffect/bubo_runs5_BuboWithDebug/async/LoopBenchmarks_BuboOff.txt,7414968,java.lang.Object* LibGraalClassLoader_6d026701::jdk.graal.compiler.options.OptionValues::get,419,0.01,4184365
LoopBenchmarks,BuboOff,bubo_runs5_BuboWithDebug,/home/hb478/repos/BuboExperiments/ProgramObserverEffect/bubo_runs5_BuboWithDebug/async/LoopBenchmarks_BuboOff.txt,7414968,blk_cgroup_congested_[k],372,0.01,4035376
LoopBenchmarks,BuboOff,bubo_runs5_BuboWithDebug,/home/hb478/repos/BuboExperiments/ProgramObserverEffect/bubo_runs5_BuboWithDebug/async/LoopBenchmarks_BuboOff.txt,7414968,void LibGraalClassLoader_6d026701::jdk.graal.compiler.phases.common.util.EconomicSetNodeEventListener::changed,403,0.01,4013157
LoopBenchmarks,BuboOff,bubo_runs5_BuboWithDebug,/home/hb478/repos/BuboExperiments/ProgramObserverEffect/bubo_runs5_BuboWithDebug/async/LoopBenchmarks_BuboOff.txt,7414968,LibGraalClassLoader_6d026701::jdk.graal.compiler.nodes.FixedNode* LibGraalClassLoader_6d026701::jdk.graal.compiler.nodes.AbstractBeginNode$BlockNodeIterator::next,399,0.01,3962226
LoopBenchmarks,BuboOff,bubo_runs5_BuboWithDebug,/home/hb478/repos/BuboExperiments/ProgramObserverEffect/bubo_runs5_BuboWithDebug/async/LoopBenchmarks_BuboOff.txt,7414968,org.graalvm.nativeimage.ObjectHandle com.oracle.svm.core.handles.ThreadLocalHandles::tryCreateNonNull,376,0.01,3759495
LoopBenchmarks,BuboOff,bubo_runs5_BuboWithDebug,/home/hb478/repos/BuboExperiments/ProgramObserverEffect/bubo_runs5_BuboWithDebug/async/LoopBenchmarks_BuboOff.txt,7414968,boolean LibGraalClassLoader_6d026701::jdk.graal.compiler.graph.iterators.NodePredicates$PositiveTypePredicate::apply,372,0.0,3705742
LoopBenchmarks,BuboOff,bubo_runs5_BuboWithDebug,/home/hb478/repos/BuboExperiments/ProgramObserverEffect/bubo_runs5_BuboWithDebug/async/LoopBenchmarks_BuboOff.txt,7414968,boolean java.util.RegularEnumSet::contains,367,0.0,3672555
LoopBenchmarks,BuboOff,bubo_runs5_BuboWithDebug,/home/hb478/repos/BuboExperiments/ProgramObserverEffect/bubo_runs5_BuboWithDebug/async/LoopBenchmarks_BuboOff.txt,7414968,zap_pte_range_[k],358,0.0,3615135
LoopBenchmarks,BuboOff,bubo_runs5_BuboWithDebug,/home/hb478/repos/BuboExperiments/ProgramObserverEffect/bubo_runs5_BuboWithDebug/async/LoopBenchmarks_BuboOff.txt,7414968,InstanceKlass::find_method_index,359,0.0,3614570
LoopBenchmarks,BuboOff,bubo_runs5_BuboWithDebug,/home/hb478/repos/BuboExperiments/ProgramObserverEffect/bubo_runs5_BuboWithDebug/async/LoopBenchmarks_BuboOff.txt,7414968,void org.graalvm.collections.EconomicMapImpl::putHashEntry,351,0.0,3490558
LoopBenchmarks,BuboOff,bubo_runs5_BuboWithDebug,/home/hb478/repos/BuboExperiments/ProgramObserverEffect/bubo_runs5_BuboWithDebug/async/LoopBenchmarks_BuboOff.txt,7414968,boolean com.oracle.svm.core.code.IsolateEnterStub::JNIFunctions_ExceptionCheck_wwAepBoMjPEWDN8NR0UL5D,351,0.0,3488298
LoopBenchmarks,BuboOff,bubo_runs5_BuboWithDebug,/home/hb478/repos/BuboExperiments/ProgramObserverEffect/bubo_runs5_BuboWithDebug/async/LoopBenchmarks_BuboOff.txt,7414968,LibGraalClassLoader_6d026701::jdk.graal.compiler.phases.schedule.SchedulePhase$Instance$MicroBlock* LibGraalClassLoader_6d026701::jdk.graal.compiler.phases.schedule.SchedulePhase$Instance::processInputs,350,0.0,3467573
LoopBenchmarks,BuboOff,bubo_runs5_BuboWithDebug,/home/hb478/repos/BuboExperiments/ProgramObserverEffect/bubo_runs5_BuboWithDebug/async/LoopBenchmarks_BuboOff.txt,7414968,int org.graalvm.collections.EconomicMapImpl::getHashTableSize,344,0.0,3427684
LoopBenchmarks,BuboOff,bubo_runs5_BuboWithDebug,/home/hb478/repos/BuboExperiments/ProgramObserverEffect/bubo_runs5_BuboWithDebug/async/LoopBenchmarks_BuboOff.txt,7414968,__tls_get_addr,335,0.0,3332624
LoopBenchmarks,BuboOff,bubo_runs5_BuboWithDebug,/home/hb478/repos/BuboExperiments/ProgramObserverEffect/bubo_runs5_BuboWithDebug/async/LoopBenchmarks_BuboOff.txt,7414968,void LibGraalClassLoader_6d026701::jdk.graal.compiler.phases.schedule.SchedulePhase$Instance::scheduleEarliestIterative,332,0.0,3310680
LoopBenchmarks,BuboOff,bubo_runs5_BuboWithDebug,/home/hb478/repos/BuboExperiments/ProgramObserverEffect/bubo_runs5_BuboWithDebug/async/LoopBenchmarks_BuboOff.txt,7414968,void java.util.ArrayDeque::addLast,332,0.0,3298711
LoopBenchmarks,BuboOff,bubo_runs5_BuboWithDebug,/home/hb478/repos/BuboExperiments/ProgramObserverEffect/bubo_runs5_BuboWithDebug/async/LoopBenchmarks_BuboOff.txt,7414968,int org.graalvm.collections.EconomicMapImpl::getHashArray,326,0.0,3259107
LoopBenchmarks,BuboOff,bubo_runs5_BuboWithDebug,/home/hb478/repos/BuboExperiments/ProgramObserverEffect/bubo_runs5_BuboWithDebug/async/LoopBenchmarks_BuboOff.txt,7414968,void LibGraalClassLoader_6d026701::jdk.graal.compiler.graph.Node::addUsage,324,0.0,3228568
LoopBenchmarks,BuboOff,bubo_runs5_BuboWithDebug,/home/hb478/repos/BuboExperiments/ProgramObserverEffect/bubo_runs5_BuboWithDebug/async/LoopBenchmarks_BuboOff.txt,7414968,java.lang.Object* java.util.ArrayList::get,321,0.0,3194523
LoopBenchmarks,BuboOff,bubo_runs5_BuboWithDebug,/home/hb478/repos/BuboExperiments/ProgramObserverEffect/bubo_runs5_BuboWithDebug/async/LoopBenchmarks_BuboOff.txt,7414968,boolean LibGraalClassLoader_6d026701::jdk.graal.compiler.graph.NodeClass::dataEquals,320,0.0,3186238
LoopBenchmarks,BuboOff,bubo_runs5_BuboWithDebug,/home/hb478/repos/BuboExperiments/ProgramObserverEffect/bubo_runs5_BuboWithDebug/async/LoopBenchmarks_BuboOff.txt,7414968,java.lang.Object* org.graalvm.collections.EconomicMapImpl::get,316,0.0,3140693
LoopBenchmarks,BuboOff,bubo_runs5_BuboWithDebug,/home/hb478/repos/BuboExperiments/ProgramObserverEffect/bubo_runs5_BuboWithDebug/async/LoopBenchmarks_BuboOff.txt,7414968,void LibGraalClassLoader_6d026701::jdk.graal.compiler.graph.Graph$NodeEventListener::event,313,0.0,3129022
LoopBenchmarks,BuboOff,bubo_runs5_BuboWithDebug,/home/hb478/repos/BuboExperiments/ProgramObserverEffect/bubo_runs5_BuboWithDebug/async/LoopBenchmarks_BuboOff.txt,7414968,int org.graalvm.collections.EconomicMapImpl::find,312,0.0,3118885
LoopBenchmarks,BuboOff,bubo_runs5_BuboWithDebug,/home/hb478/repos/BuboExperiments/ProgramObserverEffect/bubo_runs5_BuboWithDebug/async/LoopBenchmarks_BuboOff.txt,7414968,java.lang.Object* LibGraalClassLoader_6d026701::jdk.graal.compiler.graph.Node::getNodeInfo,311,0.0,3092911
LoopBenchmarks,BuboOff,bubo_runs5_BuboWithDebug,/home/hb478/repos/BuboExperiments/ProgramObserverEffect/bubo_runs5_BuboWithDebug/async/LoopBenchmarks_BuboOff.txt,7414968,get_page_from_freelist_[k],273,0.0,3034601
LoopBenchmarks,BuboOff,bubo_runs5_BuboWithDebug,/home/hb478/repos/BuboExperiments/ProgramObserverEffect/bubo_runs5_BuboWithDebug/async/LoopBenchmarks_BuboOff.txt,7414968,void LibGraalClassLoader_6d026701::jdk.graal.compiler.graph.TypedGraphNodeIterator::forward,301,0.0,2993410
LoopBenchmarks,BuboOff,bubo_runs5_BuboWithDebug,/home/hb478/repos/BuboExperiments/ProgramObserverEffect/bubo_runs5_BuboWithDebug/async/LoopBenchmarks_BuboOff.txt,7414968,void LibGraalClassLoader_6d026701::jdk.graal.compiler.nodes.cfg.ReversePostOrder::compute,299,0.0,2956655
LoopBenchmarks,BuboOff,bubo_runs5_BuboWithDebug,/home/hb478/repos/BuboExperiments/ProgramObserverEffect/bubo_runs5_BuboWithDebug/async/LoopBenchmarks_BuboOff.txt,7414968,"void OopOopIterateBackwardsDispatch<G1ScanEvacuatedObjClosure>::Table::oop_oop_iterate_backwards<InstanceKlass, narrowOop>",292,0.0,2939075
LoopBenchmarks,BuboOff,bubo_runs5_BuboWithDebug,/home/hb478/repos/BuboExperiments/ProgramObserverEffect/bubo_runs5_BuboWithDebug/async/LoopBenchmarks_BuboOff.txt,7414968,long LibGraalClassLoader_6d026701::jdk.graal.compiler.core.common.type.IntegerStamp::setOptionalBits,278,0.0,2770344
LoopBenchmarks,BuboOff,bubo_runs5_BuboWithDebug,/home/hb478/repos/BuboExperiments/ProgramObserverEffect/bubo_runs5_BuboWithDebug/async/LoopBenchmarks_BuboOff.txt,7414968,vma_alloc_folio_[k],259,0.0,2767250
LoopBenchmarks,BuboOff,bubo_runs5_BuboWithDebug,/home/hb478/repos/BuboExperiments/ProgramObserverEffect/bubo_runs5_BuboWithDebug/async/LoopBenchmarks_BuboOff.txt,7414968,void LibGraalClassLoader_6d026701::jdk.graal.compiler.phases.schedule.SchedulePhase$Instance::sortNodesLatestWithinBlock,274,0.0,2724242
LoopBenchmarks,BuboOff,bubo_runs5_BuboWithDebug,/home/hb478/repos/BuboExperiments/ProgramObserverEffect/bubo_runs5_BuboWithDebug/async/LoopBenchmarks_BuboOff.txt,7414968,void LibGraalClassLoader_6d026701::jdk.graal.compiler.graph.NodeBitMap::mark,273,0.0,2716469
LoopBenchmarks,BuboOff,bubo_runs5_BuboWithDebug,/home/hb478/repos/BuboExperiments/ProgramObserverEffect/bubo_runs5_BuboWithDebug/async/LoopBenchmarks_BuboOff.txt,7414968,LibGraalClassLoader_6d026701::jdk.vm.ci.hotspot.HotSpotJVMCIRuntime* LibGraalClassLoader_6d026701::jdk.vm.ci.hotspot.HotSpotJVMCIRuntime::runtime,269,0.0,2704608
LoopBenchmarks,BuboOff,bubo_runs5_BuboWithDebug,/home/hb478/repos/BuboExperiments/ProgramObserverEffect/bubo_runs5_BuboWithDebug/async/LoopBenchmarks_BuboOff.txt,7414968,org.graalvm.word.Pointer com.oracle.svm.core.genscavenge.TlabSupport::allocateRawMemoryInTlabSlow,265,0.0,2628844
LoopBenchmarks,BuboOff,bubo_runs5_BuboWithDebug,/home/hb478/repos/BuboExperiments/ProgramObserverEffect/bubo_runs5_BuboWithDebug/async/LoopBenchmarks_BuboOff.txt,7414968,void LibGraalClassLoader_6d026701::jdk.graal.compiler.phases.BasePhase::apply,262,0.0,2623900
LoopBenchmarks,BuboOff,bubo_runs5_BuboWithDebug,/home/hb478/repos/BuboExperiments/ProgramObserverEffect/bubo_runs5_BuboWithDebug/async/LoopBenchmarks_BuboOff.txt,7414968,void LibGraalClassLoader_6d026701::jdk.graal.compiler.nodes.loop.LoopFragment::markFloating,264,0.0,2614462
LoopBenchmarks,BuboOff,bubo_runs5_BuboWithDebug,/home/hb478/repos/BuboExperiments/ProgramObserverEffect/bubo_runs5_BuboWithDebug/async/LoopBenchmarks_BuboOff.txt,7414968,void LibGraalClassLoader_6d026701::jdk.graal.compiler.phases.schedule.SchedulePhase$Instance::processStack,260,0.0,2583013
LoopBenchmarks,BuboOff,bubo_runs5_BuboWithDebug,/home/hb478/repos/BuboExperiments/ProgramObserverEffect/bubo_runs5_BuboWithDebug/async/LoopBenchmarks_BuboOff.txt,7414968,char java.nio.HeapCharBuffer::get,260,0.0,2577405
LoopBenchmarks,BuboOff,bubo_runs5_BuboWithDebug,/home/hb478/repos/BuboExperiments/ProgramObserverEffect/bubo_runs5_BuboWithDebug/async/LoopBenchmarks_BuboOff.txt,7414968,java.lang.Object[]* java.util.ArrayList::grow,253,0.0,2514337
LoopBenchmarks,BuboOff,bubo_runs5_BuboWithDebug,/home/hb478/repos/BuboExperiments/ProgramObserverEffect/bubo_runs5_BuboWithDebug/async/LoopBenchmarks_BuboOff.txt,7414968,void com.oracle.svm.core.genscavenge.GreyObjectsWalker::walkGreyObjects,250,0.0,2498621
LoopBenchmarks,BuboOff,bubo_runs5_BuboWithDebug,/home/hb478/repos/BuboExperiments/ProgramObserverEffect/bubo_runs5_BuboWithDebug/async/LoopBenchmarks_BuboOff.txt,7414968,int LibGraalClassLoader_6d026701::jdk.graal.compiler.util.json.JsonParser::next,250,0.0,2478432
LoopBenchmarks,BuboOff,bubo_runs5_BuboWithDebug,/home/hb478/repos/BuboExperiments/ProgramObserverEffect/bubo_runs5_BuboWithDebug/async/LoopBenchmarks_BuboOff.txt,7414968,int java.nio.Buffer::nextGetIndex,247,0.0,2452692
LoopBenchmarks,BuboOff,bubo_runs5_BuboWithDebug,/home/hb478/repos/BuboExperiments/ProgramObserverEffect/bubo_runs5_BuboWithDebug/async/LoopBenchmarks_BuboOff.txt,7414968,readConfiguration0,245,0.0,2451737
LoopBenchmarks,BuboOff,bubo_runs5_BuboWithDebug,/home/hb478/repos/BuboExperiments/ProgramObserverEffect/bubo_runs5_BuboWithDebug/async/LoopBenchmarks_BuboOff.txt,7414968,JVMCIEnv::has_pending_exception,244,0.0,2428739
LoopBenchmarks,BuboOff,bubo_runs5_BuboWithDebug,/home/hb478/repos/BuboExperiments/ProgramObserverEffect/bubo_runs5_BuboWithDebug/async/LoopBenchmarks_BuboOff.txt,7414968,void LibGraalClassLoader_6d026701::jdk.graal.compiler.debug.GraalError::guarantee,244,0.0,2419951
LoopBenchmarks,BuboOff,bubo_runs5_BuboWithDebug,/home/hb478/repos/BuboExperiments/ProgramObserverEffect/bubo_runs5_BuboWithDebug/async/LoopBenchmarks_BuboOff.txt,7414968,void com.oracle.svm.core.genscavenge.remset.AlignedChunkRememberedSet::walkObjects,242,0.0,2419522
LoopBenchmarks,BuboOff,bubo_runs5_BuboWithDebug,/home/hb478/repos/BuboExperiments/ProgramObserverEffect/bubo_runs5_BuboWithDebug/async/LoopBenchmarks_BuboOff.txt,7414968,java.util.HashMap$Node* java.util.HashMap::getNode,238,0.0,2372266
LoopBenchmarks,BuboOff,bubo_runs5_BuboWithDebug,/home/hb478/repos/BuboExperiments/ProgramObserverEffect/bubo_runs5_BuboWithDebug/async/LoopBenchmarks_BuboOff.txt,7414968,void LibGraalClassLoader_6d026701::jdk.graal.compiler.nodes.loop.LoopFragment::computeNodes,233,0.0,2324248
LoopBenchmarks,BuboOff,bubo_runs5_BuboWithDebug,/home/hb478/repos/BuboExperiments/ProgramObserverEffect/bubo_runs5_BuboWithDebug/async/LoopBenchmarks_BuboOff.txt,7414968,void LibGraalClassLoader_6d026701::jdk.graal.compiler.graph.Edges::verifyUpdateValid,233,0.0,2314745
LoopBenchmarks,BuboOff,bubo_runs5_BuboWithDebug,/home/hb478/repos/BuboExperiments/ProgramObserverEffect/bubo_runs5_BuboWithDebug/async/LoopBenchmarks_BuboOff.txt,7414968,byte[]* java.util.Arrays::copyOfRange,232,0.0,2301078
LoopBenchmarks,BuboOff,bubo_runs5_BuboWithDebug,/home/hb478/repos/BuboExperiments/ProgramObserverEffect/bubo_runs5_BuboWithDebug/async/LoopBenchmarks_BuboOff.txt,7414968,LibGraalClassLoader_6d026701::jdk.graal.compiler.graph.Node* LibGraalClassLoader_6d026701::jdk.graal.compiler.graph.NodeUsageIterator::next,230,0.0,2286968
LoopBenchmarks,BuboOff,bubo_runs5_BuboWithDebug,/home/hb478/repos/BuboExperiments/ProgramObserverEffect/bubo_runs5_BuboWithDebug/async/LoopBenchmarks_BuboOff.txt,7414968,void LibGraalClassLoader_6d026701::jdk.graal.compiler.graph.NodeClass::registerAtInputsAsUsage,222,0.0,2215707
LoopBenchmarks,BuboOff,bubo_runs5_BuboWithDebug,/home/hb478/repos/BuboExperiments/ProgramObserverEffect/bubo_runs5_BuboWithDebug/async/LoopBenchmarks_BuboOff.txt,7414968,void LibGraalClassLoader_6d026701::jdk.graal.compiler.graph.Graph::updateNodeCaches,217,0.0,2172437
LoopBenchmarks,BuboOff,bubo_runs5_BuboWithDebug,/home/hb478/repos/BuboExperiments/ProgramObserverEffect/bubo_runs5_BuboWithDebug/async/LoopBenchmarks_BuboOff.txt,7414968,boolean java.lang.String::equals,217,0.0,2172182
LoopBenchmarks,BuboOff,bubo_runs5_BuboWithDebug,/home/hb478/repos/BuboExperiments/ProgramObserverEffect/bubo_runs5_BuboWithDebug/async/LoopBenchmarks_BuboOff.txt,7414968,mm_account_fault_[k],206,0.0,2158159
LoopBenchmarks,BuboOff,bubo_runs5_BuboWithDebug,/home/hb478/repos/BuboExperiments/ProgramObserverEffect/bubo_runs5_BuboWithDebug/async/LoopBenchmarks_BuboOff.txt,7414968,LibGraalClassLoader_6d026701::jdk.graal.compiler.core.common.type.IntegerStamp* LibGraalClassLoader_6d026701::jdk.graal.compiler.core.common.type.IntegerStamp::create,215,0.0,2138216
LoopBenchmarks,BuboOff,bubo_runs5_BuboWithDebug,/home/hb478/repos/BuboExperiments/ProgramObserverEffect/bubo_runs5_BuboWithDebug/async/LoopBenchmarks_BuboOff.txt,7414968,folio_add_lru_[k],199,0.0,2115834
LoopBenchmarks,BuboOff,bubo_runs5_BuboWithDebug,/home/hb478/repos/BuboExperiments/ProgramObserverEffect/bubo_runs5_BuboWithDebug/async/LoopBenchmarks_BuboOff.txt,7414968,void org.graalvm.collections.EconomicMapImpl::setValue,211,0.0,2103338
LoopBenchmarks,BuboOff,bubo_runs5_BuboWithDebug,/home/hb478/repos/BuboExperiments/ProgramObserverEffect/bubo_runs5_BuboWithDebug/async/LoopBenchmarks_BuboOff.txt,7414968,__next_zones_zonelist_[k],190,0.0,2091224
LoopBenchmarks,BuboOff,bubo_runs5_BuboWithDebug,/home/hb478/repos/BuboExperiments/ProgramObserverEffect/bubo_runs5_BuboWithDebug/async/LoopBenchmarks_BuboOff.txt,7414968,SymbolTable::lookup_shared,211,0.0,2087062
LoopBenchmarks,BuboOff,bubo_runs5_BuboWithDebug,/home/hb478/repos/BuboExperiments/ProgramObserverEffect/bubo_runs5_BuboWithDebug/async/LoopBenchmarks_BuboOff.txt,7414968,void LibGraalClassLoader_6d026701::jdk.graal.compiler.nodes.cfg.ControlFlowGraph::perBasicBlockFrequencyAction,208,0.0,2070482
LoopBenchmarks,BuboOff,bubo_runs5_BuboWithDebug,/home/hb478/repos/BuboExperiments/ProgramObserverEffect/bubo_runs5_BuboWithDebug/async/LoopBenchmarks_BuboOff.txt,7414968,__memset_avx2_unaligned_erms,202,0.0,2066439
LoopBenchmarks,BuboOff,bubo_runs5_BuboWithDebug,/home/hb478/repos/BuboExperiments/ProgramObserverEffect/bubo_runs5_BuboWithDebug/async/LoopBenchmarks_BuboOff.txt,7414968,int LibGraalClassLoader_6d026701::jdk.graal.compiler.phases.common.CanonicalizerPhase::processWorkSet,206,0.0,2054935
LoopBenchmarks,BuboOff,bubo_runs5_BuboWithDebug,/home/hb478/repos/BuboExperiments/ProgramObserverEffect/bubo_runs5_BuboWithDebug/async/LoopBenchmarks_BuboOff.txt,7414968,char java.lang.String::charAt,206,0.0,2046241
LoopBenchmarks,BuboOff,bubo_runs5_BuboWithDebug,/home/hb478/repos/BuboExperiments/ProgramObserverEffect/bubo_runs5_BuboWithDebug/async/LoopBenchmarks_BuboOff.txt,7414968,java.lang.Object* java.util.ArrayDeque$DeqIterator::next,206,0.0,2036196
LoopBenchmarks,BuboOff,bubo_runs5_BuboWithDebug,/home/hb478/repos/BuboExperiments/ProgramObserverEffect/bubo_runs5_BuboWithDebug/async/LoopBenchmarks_BuboOff.txt,7414968,void LibGraalClassLoader_6d026701::jdk.graal.compiler.nodes.cfg.HIRBlock::assignPredecessorsAndSuccessors,202,0.0,2011495
LoopBenchmarks,BuboOff,bubo_runs5_BuboWithDebug,/home/hb478/repos/BuboExperiments/ProgramObserverEffect/bubo_runs5_BuboWithDebug/async/LoopBenchmarks_BuboOff.txt,7414968,LibGraalClassLoader_6d026701::jdk.graal.compiler.nodes.ValueNode* LibGraalClassLoader_6d026701::jdk.graal.compiler.nodes.PhiNode::valueAt,201,0.0,2003064
LoopBenchmarks,BuboOff,bubo_runs5_BuboWithDebug,/home/hb478/repos/BuboExperiments/ProgramObserverEffect/bubo_runs5_BuboWithDebug/async/LoopBenchmarks_BuboOff.txt,7414968,java.lang.Object* java.util.concurrent.ConcurrentHashMap::get,201,0.0,1998154
LoopBenchmarks,BuboOff,bubo_runs5_BuboWithDebug,/home/hb478/repos/BuboExperiments/ProgramObserverEffect/bubo_runs5_BuboWithDebug/async/LoopBenchmarks_BuboOff.txt,7414968,handle_mm_fault_[k],191,0.0,1989157
LoopBenchmarks,BuboOff,bubo_runs5_BuboWithDebug,/home/hb478/repos/BuboExperiments/ProgramObserverEffect/bubo_runs5_BuboWithDebug/async/LoopBenchmarks_BuboOff.txt,7414968,void LibGraalClassLoader_6d026701::jdk.graal.compiler.graph.Graph::fireNodeEvent,198,0.0,1981936
LoopBenchmarks,BuboOff,bubo_runs5_BuboWithDebug,/home/hb478/repos/BuboExperiments/ProgramObserverEffect/bubo_runs5_BuboWithDebug/async/LoopBenchmarks_BuboOff.txt,7414968,boolean java.lang.String::startsWith,199,0.0,1975988
LoopBenchmarks,BuboOff,bubo_runs5_BuboWithDebug,/home/hb478/repos/BuboExperiments/ProgramObserverEffect/bubo_runs5_BuboWithDebug/async/LoopBenchmarks_BuboOff.txt,7414968,void LibGraalClassLoader_6d026701::jdk.graal.compiler.graph.Graph::register,197,0.0,1970050
LoopBenchmarks,BuboOff,bubo_runs5_BuboWithDebug,/home/hb478/repos/BuboExperiments/ProgramObserverEffect/bubo_runs5_BuboWithDebug/async/LoopBenchmarks_BuboOff.txt,7414968,java.lang.String::String,198,0.0,1960351
LoopBenchmarks,BuboOff,bubo_runs5_BuboWithDebug,/home/hb478/repos/BuboExperiments/ProgramObserverEffect/bubo_runs5_BuboWithDebug/async/LoopBenchmarks_BuboOff.txt,7414968,java.lang.Object[]* java.util.Arrays::copyOf,194,0.0,1940091
LoopBenchmarks,BuboOff,bubo_runs5_BuboWithDebug,/home/hb478/repos/BuboExperiments/ProgramObserverEffect/bubo_runs5_BuboWithDebug/async/LoopBenchmarks_BuboOff.txt,7414968,void org.graalvm.collections.EconomicMapImpl::grow,194,0.0,1936515
LoopBenchmarks,BuboOff,bubo_runs5_BuboWithDebug,/home/hb478/repos/BuboExperiments/ProgramObserverEffect/bubo_runs5_BuboWithDebug/async/LoopBenchmarks_BuboOff.txt,7414968,memchr_[k],179,0.0,1928550
LoopBenchmarks,BuboOff,bubo_runs5_BuboWithDebug,/home/hb478/repos/BuboExperiments/ProgramObserverEffect/bubo_runs5_BuboWithDebug/async/LoopBenchmarks_BuboOff.txt,7414968,prepare_alloc_pages.constprop.0_[k],175,0.0,1915410
LoopBenchmarks,BuboOff,bubo_runs5_BuboWithDebug,/home/hb478/repos/BuboExperiments/ProgramObserverEffect/bubo_runs5_BuboWithDebug/async/LoopBenchmarks_BuboOff.txt,7414968,byte[]* java.lang.AbstractStringBuilder::ensureCapacityNewCoder,192,0.0,1909441
LoopBenchmarks,BuboOff,bubo_runs5_BuboWithDebug,/home/hb478/repos/BuboExperiments/ProgramObserverEffect/bubo_runs5_BuboWithDebug/async/LoopBenchmarks_BuboOff.txt,7414968,boolean java.util.BitSet::get,190,0.0,1905532
LoopBenchmarks,BuboOff,bubo_runs5_BuboWithDebug,/home/hb478/repos/BuboExperiments/ProgramObserverEffect/bubo_runs5_BuboWithDebug/async/LoopBenchmarks_BuboOff.txt,7414968,int LibGraalClassLoader_6d026701::jdk.graal.compiler.nodes.cfg.HIRBlock$ModifiableBlock::getPredecessorCount,191,0.0,1903037
LoopBenchmarks,BuboOff,bubo_runs5_BuboWithDebug,/home/hb478/repos/BuboExperiments/ProgramObserverEffect/bubo_runs5_BuboWithDebug/async/LoopBenchmarks_BuboOff.txt,7414968,LibGraalClassLoader_6d026701::jdk.graal.compiler.graph.iterators.FilteredNodeIterable* LibGraalClassLoader_6d026701::jdk.graal.compiler.graph.iterators.FilteredNodeIterable::and,190,0.0,1887115
LoopBenchmarks,BuboOff,bubo_runs5_BuboWithDebug,/home/hb478/repos/BuboExperiments/ProgramObserverEffect/bubo_runs5_BuboWithDebug/async/LoopBenchmarks_BuboOff.txt,7414968,LibGraalClassLoader_6d026701::jdk.graal.compiler.graph.Node* LibGraalClassLoader_6d026701::jdk.graal.compiler.graph.Node::clone,188,0.0,1873753
LoopBenchmarks,BuboOff,bubo_runs5_BuboWithDebug,/home/hb478/repos/BuboExperiments/ProgramObserverEffect/bubo_runs5_BuboWithDebug/async/LoopBenchmarks_BuboOff.txt,7414968,LibGraalClassLoader_6d026701::jdk.graal.compiler.graph.Node* LibGraalClassLoader_6d026701::jdk.graal.compiler.graph.NodeClass$RawEdgesIterator::next,186,0.0,1854714
LoopBenchmarks,BuboOff,bubo_runs5_BuboWithDebug,/home/hb478/repos/BuboExperiments/ProgramObserverEffect/bubo_runs5_BuboWithDebug/async/LoopBenchmarks_BuboOff.txt,7414968,LibGraalClassLoader_6d026701::jdk.graal.compiler.debug.DebugCloseable* LibGraalClassLoader_6d026701::jdk.graal.compiler.graph.Graph::withNodeSourcePosition,182,0.0,1814079
LoopBenchmarks,BuboOff,bubo_runs5_BuboWithDebug,/home/hb478/repos/BuboExperiments/ProgramObserverEffect/bubo_runs5_BuboWithDebug/async/LoopBenchmarks_BuboOff.txt,7414968,__memcpy_avx_unaligned_erms,190,0.0,1813195
LoopBenchmarks,BuboOff,bubo_runs5_BuboWithDebug,/home/hb478/repos/BuboExperiments/ProgramObserverEffect/bubo_runs5_BuboWithDebug/async/LoopBenchmarks_BuboOff.txt,7414968,java.lang.Object* com.oracle.svm.core.genscavenge.ThreadLocalAllocation::allocateArraySlow,182,0.0,1806953
LoopBenchmarks,BuboOff,bubo_runs5_BuboWithDebug,/home/hb478/repos/BuboExperiments/ProgramObserverEffect/bubo_runs5_BuboWithDebug/async/LoopBenchmarks_BuboOff.txt,7414968,java.lang.String* java.lang.StringLatin1::replace,182,0.0,1797582
LoopBenchmarks,BuboOff,bubo_runs5_BuboWithDebug,/home/hb478/repos/BuboExperiments/ProgramObserverEffect/bubo_runs5_BuboWithDebug/async/LoopBenchmarks_BuboOff.txt,7414968,void LibGraalClassLoader_6d026701::jdk.graal.compiler.java.BytecodeParser::iterateBytecodesForBlock,180,0.0,1795035
LoopBenchmarks,BuboOff,bubo_runs5_BuboWithDebug,/home/hb478/repos/BuboExperiments/ProgramObserverEffect/bubo_runs5_BuboWithDebug/async/LoopBenchmarks_BuboOff.txt,7414968,void com.oracle.svm.core.util.ArrayUtil::boundsCheckInSnippet,180,0.0,1789615
LoopBenchmarks,BuboOff,bubo_runs5_BuboWithDebug,/home/hb478/repos/BuboExperiments/ProgramObserverEffect/bubo_runs5_BuboWithDebug/async/LoopBenchmarks_BuboOff.txt,7414968,com.oracle.svm.core.jni.headers.JNIObjectHandle com.oracle.svm.core.jni.JNIObjectHandles::createLocal,180,0.0,1788369
LoopBenchmarks,BuboOff,bubo_runs5_BuboWithDebug,/home/hb478/repos/BuboExperiments/ProgramObserverEffect/bubo_runs5_BuboWithDebug/async/LoopBenchmarks_BuboOff.txt,7414968,__mod_node_page_state_[k],163,0.0,1784829
LoopBenchmarks,BuboOff,bubo_runs5_BuboWithDebug,/home/hb478/repos/BuboExperiments/ProgramObserverEffect/bubo_runs5_BuboWithDebug/async/LoopBenchmarks_BuboOff.txt,7414968,void LibGraalClassLoader_6d026701::jdk.graal.compiler.graph.Edges::copy,179,0.0,1784351
LoopBenchmarks,BuboOff,bubo_runs5_BuboWithDebug,/home/hb478/repos/BuboExperiments/ProgramObserverEffect/bubo_runs5_BuboWithDebug/async/LoopBenchmarks_BuboOff.txt,7414968,LibGraalClassLoader_6d026701::jdk.graal.compiler.core.common.cfg.BlockMap* LibGraalClassLoader_6d026701::jdk.graal.compiler.phases.schedule.SchedulePhase$Instance::calcLatestBlocks,178,0.0,1773029
LoopBenchmarks,BuboOff,bubo_runs5_BuboWithDebug,/home/hb478/repos/BuboExperiments/ProgramObserverEffect/bubo_runs5_BuboWithDebug/async/LoopBenchmarks_BuboOff.txt,7414968,char java.lang.StringLatin1::charAt,175,0.0,1729486
LoopBenchmarks,BuboOff,bubo_runs5_BuboWithDebug,/home/hb478/repos/BuboExperiments/ProgramObserverEffect/bubo_runs5_BuboWithDebug/async/LoopBenchmarks_BuboOff.txt,7414968,LibGraalClassLoader_6d026701::jdk.graal.compiler.nodes.extended.AnchoringNode* LibGraalClassLoader_6d026701::jdk.graal.compiler.phases.common.LoweringPhase::process,173,0.0,1722293
LoopBenchmarks,BuboOff,bubo_runs5_BuboWithDebug,/home/hb478/repos/BuboExperiments/ProgramObserverEffect/bubo_runs5_BuboWithDebug/async/LoopBenchmarks_BuboOff.txt,7414968,java.util.Iterator* LibGraalClassLoader_6d026701::jdk.graal.compiler.graph.iterators.FilteredNodeIterable::iterator,172,0.0,1706204
LoopBenchmarks,BuboOff,bubo_runs5_BuboWithDebug,/home/hb478/repos/BuboExperiments/ProgramObserverEffect/bubo_runs5_BuboWithDebug/async/LoopBenchmarks_BuboOff.txt,7414968,java.lang.Object* com.oracle.svm.core.genscavenge.ThreadLocalAllocation::slowPathNewInstance,171,0.0,1702888
LoopBenchmarks,BuboOff,bubo_runs5_BuboWithDebug,/home/hb478/repos/BuboExperiments/ProgramObserverEffect/bubo_runs5_BuboWithDebug/async/LoopBenchmarks_BuboOff.txt,7414968,__alloc_pages_[k],156,0.0,1688846
LoopBenchmarks,BuboOff,bubo_runs5_BuboWithDebug,/home/hb478/repos/BuboExperiments/ProgramObserverEffect/bubo_runs5_BuboWithDebug/async/LoopBenchmarks_BuboOff.txt,7414968,int LibGraalClassLoader_6d026701::jdk.graal.compiler.graph.NodeClass::valueNumber,170,0.0,1688522
LoopBenchmarks,BuboOff,bubo_runs5_BuboWithDebug,/home/hb478/repos/BuboExperiments/ProgramObserverEffect/bubo_runs5_BuboWithDebug/async/LoopBenchmarks_BuboOff.txt,7414968,int LibGraalClassLoader_6d026701::jdk.graal.compiler.phases.schedule.SchedulePhase$Instance::pushUnprocessedInputs,168,0.0,1662714
LoopBenchmarks,BuboOff,bubo_runs5_BuboWithDebug,/home/hb478/repos/BuboExperiments/ProgramObserverEffect/bubo_runs5_BuboWithDebug/async/LoopBenchmarks_BuboOff.txt,7414968,LibGraalClassLoader_6d026701::jdk.graal.compiler.graph.Graph* LibGraalClassLoader_6d026701::jdk.graal.compiler.nodes.ValueNode::graph,164,0.0,1631956
LoopBenchmarks,BuboOff,bubo_runs5_BuboWithDebug,/home/hb478/repos/BuboExperiments/ProgramObserverEffect/bubo_runs5_BuboWithDebug/async/LoopBenchmarks_BuboOff.txt,7414968,int jdk.internal.util.ArraysSupport::hashCodeOfUnsigned,163,0.0,1616345
LoopBenchmarks,BuboOff,bubo_runs5_BuboWithDebug,/home/hb478/repos/BuboExperiments/ProgramObserverEffect/bubo_runs5_BuboWithDebug/async/LoopBenchmarks_BuboOff.txt,7414968,void LibGraalClassLoader_6d026701::jdk.graal.compiler.graph.NodeWorkList$IterativeNodeWorkList::add,162,0.0,1615570
LoopBenchmarks,BuboOff,bubo_runs5_BuboWithDebug,/home/hb478/repos/BuboExperiments/ProgramObserverEffect/bubo_runs5_BuboWithDebug/async/LoopBenchmarks_BuboOff.txt,7414968,org.graalvm.word.PointerBase com.oracle.svm.core.jni.access.JNINativeLinkage::getOrFindEntryPoint,161,0.0,1612536
LoopBenchmarks,BuboOff,bubo_runs5_BuboWithDebug,/home/hb478/repos/BuboExperiments/ProgramObserverEffect/bubo_runs5_BuboWithDebug/async/LoopBenchmarks_BuboOff.txt,7414968,java.lang.Object* java.util.concurrent.ConcurrentHashMap::computeIfAbsent,162,0.0,1609717
LoopBenchmarks,BuboOff,bubo_runs5_BuboWithDebug,/home/hb478/repos/BuboExperiments/ProgramObserverEffect/bubo_runs5_BuboWithDebug/async/LoopBenchmarks_BuboOff.txt,7414968,[vdso],158,0.0,1607396
LoopBenchmarks,BuboOff,bubo_runs5_BuboWithDebug,/home/hb478/repos/BuboExperiments/ProgramObserverEffect/bubo_runs5_BuboWithDebug/async/LoopBenchmarks_BuboOff.txt,7414968,boolean LibGraalClassLoader_6d026701::jdk.graal.compiler.nodes.cfg.ControlFlowGraph::rpoInnerLoopsFirst,159,0.0,1584909
LoopBenchmarks,BuboOff,bubo_runs5_BuboWithDebug,/home/hb478/repos/BuboExperiments/ProgramObserverEffect/bubo_runs5_BuboWithDebug/async/LoopBenchmarks_BuboOff.txt,7414968,void LibGraalClassLoader_6d026701::jdk.graal.compiler.core.common.Fields::copy,158,0.0,1584383
LoopBenchmarks,BuboOff,bubo_runs5_BuboWithDebug,/home/hb478/repos/BuboExperiments/ProgramObserverEffect/bubo_runs5_BuboWithDebug/async/LoopBenchmarks_BuboOff.txt,7414968,void com.oracle.svm.core.monitor.MultiThreadedMonitorSupport::monitorEnter,160,0.0,1582353
LoopBenchmarks,BuboOff,bubo_runs5_BuboWithDebug,/home/hb478/repos/BuboExperiments/ProgramObserverEffect/bubo_runs5_BuboWithDebug/async/LoopBenchmarks_BuboOff.txt,7414968,void LibGraalClassLoader_6d026701::jdk.graal.compiler.graph.NodeClass::registerAtSuccessorsAsPredecessor,158,0.0,1579798
LoopBenchmarks,BuboOff,bubo_runs5_BuboWithDebug,/home/hb478/repos/BuboExperiments/ProgramObserverEffect/bubo_runs5_BuboWithDebug/async/LoopBenchmarks_BuboOff.txt,7414968,LibGraalClassLoader_6d026701::jdk.graal.compiler.graph.Node* LibGraalClassLoader_6d026701::jdk.graal.compiler.graph.TypedGraphNodeIterator::findNext,158,0.0,1575706
LoopBenchmarks,BuboOff,bubo_runs5_BuboWithDebug,/home/hb478/repos/BuboExperiments/ProgramObserverEffect/bubo_runs5_BuboWithDebug/async/LoopBenchmarks_BuboOff.txt,7414968,void LibGraalClassLoader_6d026701::jdk.graal.compiler.nodes.cfg.ControlFlowGraph::computeLoopInformationImpl,158,0.0,1573945
LoopBenchmarks,BuboOff,bubo_runs5_BuboWithDebug,/home/hb478/repos/BuboExperiments/ProgramObserverEffect/bubo_runs5_BuboWithDebug/async/LoopBenchmarks_BuboOff.txt,7414968,int LibGraalClassLoader_6d026701::jdk.graal.compiler.nodes.cfg.HIRBlock$ModifiableBlock::getSuccessorCount,158,0.0,1572714
LoopBenchmarks,BuboOff,bubo_runs5_BuboWithDebug,/home/hb478/repos/BuboExperiments/ProgramObserverEffect/bubo_runs5_BuboWithDebug/async/LoopBenchmarks_BuboOff.txt,7414968,long LibGraalClassLoader_6d026701::jdk.graal.compiler.core.common.type.IntegerStamp::computeLowerBound,157,0.0,1568129
LoopBenchmarks,BuboOff,bubo_runs5_BuboWithDebug,/home/hb478/repos/BuboExperiments/ProgramObserverEffect/bubo_runs5_BuboWithDebug/async/LoopBenchmarks_BuboOff.txt,7414968,filldir64_[k],150,0.0,1559178
LoopBenchmarks,BuboOff,bubo_runs5_BuboWithDebug,/home/hb478/repos/BuboExperiments/ProgramObserverEffect/bubo_runs5_BuboWithDebug/async/LoopBenchmarks_BuboOff.txt,7414968,void LibGraalClassLoader_6d026701::jdk.graal.compiler.graph.NodeClass::updateEdgesInPlace,155,0.0,1549182
LoopBenchmarks,BuboOff,bubo_runs5_BuboWithDebug,/home/hb478/repos/BuboExperiments/ProgramObserverEffect/bubo_runs5_BuboWithDebug/async/LoopBenchmarks_BuboOff.txt,7414968,int LibGraalClassLoader_6d026701::jdk.vm.ci.hotspot.HotSpotResolvedObjectTypeImpl::layoutHelper,155,0.0,1548715
LoopBenchmarks,BuboOff,bubo_runs5_BuboWithDebug,/home/hb478/repos/BuboExperiments/ProgramObserverEffect/bubo_runs5_BuboWithDebug/async/LoopBenchmarks_BuboOff.txt,7414968,void LibGraalClassLoader_6d026701::jdk.graal.compiler.java.BytecodeParser::processBytecode,156,0.0,1546540
LoopBenchmarks,BuboOff,bubo_runs5_BuboWithDebug,/home/hb478/repos/BuboExperiments/ProgramObserverEffect/bubo_runs5_BuboWithDebug/async/LoopBenchmarks_BuboOff.txt,7414968,void LibGraalClassLoader_6d026701::jdk.graal.compiler.java.LocalLiveness::computeLiveness,153,0.0,1525989
LoopBenchmarks,BuboOff,bubo_runs5_BuboWithDebug,/home/hb478/repos/BuboExperiments/ProgramObserverEffect/bubo_runs5_BuboWithDebug/async/LoopBenchmarks_BuboOff.txt,7414968,boolean LibGraalClassLoader_6d026701::jdk.graal.compiler.graph.Node::removeUsage,153,0.0,1524923
LoopBenchmarks,BuboOff,bubo_runs5_BuboWithDebug,/home/hb478/repos/BuboExperiments/ProgramObserverEffect/bubo_runs5_BuboWithDebug/async/LoopBenchmarks_BuboOff.txt,7414968,copy_mc_enhanced_fast_string_[k],141,0.0,1508456
LoopBenchmarks,BuboOff,bubo_runs5_BuboWithDebug,/home/hb478/repos/BuboExperiments/ProgramObserverEffect/bubo_runs5_BuboWithDebug/async/LoopBenchmarks_BuboOff.txt,7414968,LibGraalClassLoader_6d026701::jdk.graal.compiler.nodes.FrameState::FrameState,149,0.0,1479271
LoopBenchmarks,BuboOff,bubo_runs5_BuboWithDebug,/home/hb478/repos/BuboExperiments/ProgramObserverEffect/bubo_runs5_BuboWithDebug/async/LoopBenchmarks_BuboOff.txt,7414968,void LibGraalClassLoader_6d026701::jdk.graal.compiler.nodes.cfg.ControlFlowGraph::identifyBlocksImpl,149,0.0,1477153
LoopBenchmarks,BuboOff,bubo_runs5_BuboWithDebug,/home/hb478/repos/BuboExperiments/ProgramObserverEffect/bubo_runs5_BuboWithDebug/async/LoopBenchmarks_BuboOff.txt,7414968,long LibGraalClassLoader_6d026701::jdk.vm.ci.hotspot.HotSpotResolvedJavaMethodImpl::getMethodPointer,148,0.0,1476281
LoopBenchmarks,BuboOff,bubo_runs5_BuboWithDebug,/home/hb478/repos/BuboExperiments/ProgramObserverEffect/bubo_runs5_BuboWithDebug/async/LoopBenchmarks_BuboOff.txt,7414968,void LibGraalClassLoader_6d026701::jdk.graal.compiler.graph.NodeWorkList::addAll,146,0.0,1453517
LoopBenchmarks,BuboOff,bubo_runs5_BuboWithDebug,/home/hb478/repos/BuboExperiments/ProgramObserverEffect/bubo_runs5_BuboWithDebug/async/LoopBenchmarks_BuboOff.txt,7414968,LibGraalClassLoader_6d026701::jdk.vm.ci.meta.ResolvedJavaMethod* LibGraalClassLoader_6d026701::jdk.graal.compiler.replacements.SnippetTemplate$AbstractTemplates::findMethod,147,0.0,1449767
LoopBenchmarks,BuboOff,bubo_runs5_BuboWithDebug,/home/hb478/repos/BuboExperiments/ProgramObserverEffect/bubo_runs5_BuboWithDebug/async/LoopBenchmarks_BuboOff.txt,7414968,Dictionary::find_class,144,0.0,1448205
LoopBenchmarks,BuboOff,bubo_runs5_BuboWithDebug,/home/hb478/repos/BuboExperiments/ProgramObserverEffect/bubo_runs5_BuboWithDebug/async/LoopBenchmarks_BuboOff.txt,7414968,void java.util.ArrayList$Itr::checkForComodification,144,0.0,1439374
LoopBenchmarks,BuboOff,bubo_runs5_BuboWithDebug,/home/hb478/repos/BuboExperiments/ProgramObserverEffect/bubo_runs5_BuboWithDebug/async/LoopBenchmarks_BuboOff.txt,7414968,JVMCI::compilation_tick,144,0.0,1435781
LoopBenchmarks,BuboOff,bubo_runs5_BuboWithDebug,/home/hb478/repos/BuboExperiments/ProgramObserverEffect/bubo_runs5_BuboWithDebug/async/LoopBenchmarks_BuboOff.txt,7414968,void LibGraalClassLoader_6d026701::jdk.graal.compiler.java.BciBlockMapping::computeBlockOrder,143,0.0,1421268
LoopBenchmarks,BuboOff,bubo_runs5_BuboWithDebug,/home/hb478/repos/BuboExperiments/ProgramObserverEffect/bubo_runs5_BuboWithDebug/async/LoopBenchmarks_BuboOff.txt,7414968,LibGraalClassLoader_6d026701::jdk.graal.compiler.nodes.cfg.HIRBlock* LibGraalClassLoader_6d026701::jdk.graal.compiler.phases.schedule.SchedulePhase$Instance::calcLatestBlockForUsage,141,0.0,1401651
LoopBenchmarks,BuboOff,bubo_runs5_BuboWithDebug,/home/hb478/repos/BuboExperiments/ProgramObserverEffect/bubo_runs5_BuboWithDebug/async/LoopBenchmarks_BuboOff.txt,7414968,try_charge_memcg_[k],127,0.0,1393302
LoopBenchmarks,BuboOff,bubo_runs5_BuboWithDebug,/home/hb478/repos/BuboExperiments/ProgramObserverEffect/bubo_runs5_BuboWithDebug/async/LoopBenchmarks_BuboOff.txt,7414968,c2v_notifyCompilerPhaseEvent,140,0.0,1392356
LoopBenchmarks,BuboOff,bubo_runs5_BuboWithDebug,/home/hb478/repos/BuboExperiments/ProgramObserverEffect/bubo_runs5_BuboWithDebug/async/LoopBenchmarks_BuboOff.txt,7414968,java.lang.Object* java.util.ArrayDeque::pollFirst,140,0.0,1391505
LoopBenchmarks,BuboOff,bubo_runs5_BuboWithDebug,/home/hb478/repos/BuboExperiments/ProgramObserverEffect/bubo_runs5_BuboWithDebug/async/LoopBenchmarks_BuboOff.txt,7414968,void LibGraalClassLoader_6d026701::jdk.graal.compiler.nodes.cfg.ControlFlowGraph::identifyBlock,140,0.0,1389889
LoopBenchmarks,BuboOff,bubo_runs5_BuboWithDebug,/home/hb478/repos/BuboExperiments/ProgramObserverEffect/bubo_runs5_BuboWithDebug/async/LoopBenchmarks_BuboOff.txt,7414968,mt_find_[k],130,0.0,1385146
LoopBenchmarks,BuboOff,bubo_runs5_BuboWithDebug,/home/hb478/repos/BuboExperiments/ProgramObserverEffect/bubo_runs5_BuboWithDebug/async/LoopBenchmarks_BuboOff.txt,7414968,void LibGraalClassLoader_6d026701::jdk.graal.compiler.phases.schedule.SchedulePhase$Instance::calcLatestBlock,138,0.0,1379211
LoopBenchmarks,BuboOff,bubo_runs5_BuboWithDebug,/home/hb478/repos/BuboExperiments/ProgramObserverEffect/bubo_runs5_BuboWithDebug/async/LoopBenchmarks_BuboOff.txt,7414968,__futex_abstimed_wait_common,108,0.0,1374451
LoopBenchmarks,BuboOff,bubo_runs5_BuboWithDebug,/home/hb478/repos/BuboExperiments/ProgramObserverEffect/bubo_runs5_BuboWithDebug/async/LoopBenchmarks_BuboOff.txt,7414968,boolean LibGraalClassLoader_6d026701::jdk.graal.compiler.graph.NodeClass$RawEdgesIterator::hasNext,138,0.0,1370673
LoopBenchmarks,BuboOff,bubo_runs5_BuboWithDebug,/home/hb478/repos/BuboExperiments/ProgramObserverEffect/bubo_runs5_BuboWithDebug/async/LoopBenchmarks_BuboOff.txt,7414968,rmqueue_[k],124,0.0,1365019
LoopBenchmarks,BuboOff,bubo_runs5_BuboWithDebug,/home/hb478/repos/BuboExperiments/ProgramObserverEffect/bubo_runs5_BuboWithDebug/async/LoopBenchmarks_BuboOff.txt,7414968,LibGraalClassLoader_6d026701::jdk.graal.compiler.graph.Node* LibGraalClassLoader_6d026701::jdk.graal.compiler.graph.NodeBitMap::nextMarkedNode,137,0.0,1355838
LoopBenchmarks,BuboOff,bubo_runs5_BuboWithDebug,/home/hb478/repos/BuboExperiments/ProgramObserverEffect/bubo_runs5_BuboWithDebug/async/LoopBenchmarks_BuboOff.txt,7414968,HandleMark::~HandleMark,136,0.0,1351857
